,country,id,name,lon,lat,temp,humidity,cloudiness,windspeed
0,PL,757178,Szydlowiec,20.861,51.228,37.99,86,92,4.72
1,DE,2951024,Bennhausen,7.983,49.617,47.82,57,75,9.17
2,RO,672955,Mogosani,25.400,44.683,46.40,81,12,4.70
3,CH,6291215,Hochfelden,8.516,47.523,50.00,81,75,13.87
4,IT,3172700,Montiano,12.308,44.086,56.61,58,0,5.82
5,CF,236887,PrÃ©fecture de la Ouaka,21.000,6.000,84.52,69,68,10.98
6,CL,3877770,Paiguano,-70.533,-30.017,57.20,87,90,2.24
7,IT,3178550,Claviere,6.753,44.940,53.60,62,48,4.70
8,FR,2972868,Thiel-sur-Acolin,3.581,46.523,55.04,76,90,9.17
9,US,4318812,Campti,-93.118,31.893,70.54,83,75,10.29
10,FR,2971169,Vailly-sur-Aisne,3.516,49.408,50.05,99,92,16.46
11,CH,2661663,Auw,8.366,47.211,50.00,76,20,1.12
12,KZ,1520196,Pervorosiyskiy,83.849,49.716,37.68,90,0,2.04
13,JP,1859472,Kimiidera,135.200,34.183,62.28,72,0,16.11
14,IN,1264111,Maler Kotla,75.883,30.517,90.24,38,0,7.74
15,AT,2782118,Ausservillgraten,12.431,46.787,42.80,60,20,1.70
16,CN,1924937,Jinqiao,115.909,28.970,65.53,74,76,3.60
17,US,5114252,Crown Heights,-73.938,41.637,34.68,93,90,3.36
18,US,4475773,Lexington,-80.253,35.824,45.90,100,75,9.98
19,PH,1725623,Belance,121.250,16.183,68.23,86,76,1.36
20,GB,2641511,Newtownstewart,-7.379,54.718,41.00,86,40,16.11
21,FR,6451504,Montferrat,6.483,43.617,61.77,71,0,6.93
22,FR,6431042,Saint-Ã‰varzec,-4.017,47.933,49.26,71,75,18.34
23,RU,2013952,Ust-Ilimsk,102.662,58.001,32.68,70,92,10.76
24,FR,6612928,Montmagny,2.350,48.967,52.70,93,76,11.41
25,MX,3815392,Zacatelco,-98.239,19.215,41.64,85,0,2.26
26,CO,3689002,BelÃ©n,-75.600,6.217,59.00,93,75,3.36
27,BG,6459671,Poleto,23.183,41.867,36.69,85,92,2.37
28,FI,650095,Kurikka,22.417,62.617,30.20,50,40,9.17
29,PL,3087895,Przyborow,15.769,51.800,32.00,100,90,11.41
30,NL,2746350,Gemeente Tholen,4.124,51.577,44.60,93,75,4.70
31,DE,2811296,Wendelsheim,8.833,48.500,51.80,62,75,19.46
32,PL,7533158,DÄ™bno,14.695,52.741,37.72,95,92,17.58
33,FR,3021550,Desaignes,4.514,44.995,57.20,62,75,9.17
34,US,4099141,Airport Village,-91.195,35.638,55.76,100,100,6.93
35,AU,2161732,Keera,150.783,-29.983,64.27,85,0,5.84
36,CN,2038438,Baoshan,131.424,46.559,38.04,44,0,10.98
37,EG,358115,Dishna,32.476,26.125,89.83,45,12,8.97
38,IT,3168301,San Giorgio di Pesaro,12.979,43.717,60.12,58,0,5.82
39,AU,2142409,Yatala,153.217,-27.717,73.38,73,0,10.29
40,FR,2973758,Subligny,-1.367,48.745,46.40,93,90,21.92
41,IT,3172350,Conscenti,9.395,44.345,54.46,76,40,4.70
42,IN,1275601,Biloli,77.733,18.767,99.10,21,8,3.38
43,US,4199778,Hazlehurst,-82.594,31.870,54.97,93,1,8.19
44,FR,3029872,Brouqueyran,-0.175,44.484,55.42,93,90,20.80
45,FR,2997947,Locquirec,-3.646,48.692,48.18,76,75,21.92
46,TH,1119013,Ban Mae Wan,99.234,18.963,93.20,28,20,4.70
47,GB,2656575,Balintore,-3.912,57.756,42.71,70,20,11.41
48,DE,2940202,Landkreis Cham,12.683,49.245,42.80,87,90,11.41
49,DE,2809285,Wiesenau,9.733,52.417,40.08,93,75,9.17
50,DE,2930996,Ellern,7.633,49.983,45.55,93,75,11.41
51,DE,2944028,Britz,13.811,52.887,33.80,95,75,9.17
52,FR,2988356,Arrondissement de Pau,-0.583,43.417,58.55,67,20,11.41
53,ES,6356994,Castellnovo,-0.453,39.849,77.00,25,0,4.70
54,US,5503766,Enterprise,-115.242,36.025,52.16,22,20,11.41
55,AU,7281804,North Melbourne,144.948,-37.803,62.56,88,90,11.41
56,IN,1263752,Mangrol,70.117,21.117,85.69,52,32,15.23
57,AU,2166856,Farley,151.517,-32.733,71.60,83,0,8.05
58,RU,823639,Tokh-Aul,39.647,43.807,59.00,72,75,8.95
59,CN,1917139,Banjiang,114.555,24.039,68.32,81,8,4.05
60,DE,2957763,Landkreis Altenburg,12.417,51.000,45.41,81,90,8.05
61,US,4081197,Ohatchee,-86.002,33.783,54.99,100,1,3.36
62,AT,3319569,Gschnitz,11.367,47.050,46.44,70,75,3.36
63,NL,2759746,Anloo,6.701,53.044,45.84,93,90,8.05
64,FR,6615685,Charroux,3.162,46.185,57.20,62,75,20.80
65,PL,3096795,Kamieniec Zabkowicki,16.879,50.525,41.00,86,20,17.22
66,GB,2633823,Wingfield,-2.253,51.309,40.50,100,40,12.75
67,RU,6314508,Shadrikha,83.199,54.812,33.80,59,0,11.18
68,ES,6356416,Contreras,-3.434,42.028,51.80,43,0,19.46
69,MX,3995652,Mocorito,-107.917,25.483,54.19,61,0,5.95
70,PT,2743076,Alhadas,-8.791,40.186,57.20,71,75,4.70
71,CH,6295131,Seen (Kreis 3) / Waldegg,8.756,47.484,50.02,81,90,4.70
72,BR,3446718,Taruma,-50.577,-22.747,73.23,90,88,6.96
73,MX,3981369,Tonala,-103.233,20.617,55.40,58,5,2.26
74,US,4504131,Silver Ridge,-74.218,39.959,37.42,93,90,4.70
75,FR,2969926,Vergigny,3.719,47.971,51.80,93,92,18.34
76,TZ,161290,Bagamoyo,38.900,-6.433,83.58,85,44,4.38
77,DE,6548394,Wendisch Priborn,12.283,53.333,37.40,74,75,17.22
78,IT,3176959,Firenze,11.250,43.767,57.20,62,75,2.24
79,US,5014208,Waverly,-84.621,42.739,39.00,86,90,5.17
80,DE,2934739,Dudendorf,12.584,54.091,37.40,74,75,17.22
81,IT,3169872,Predore,10.014,45.681,54.52,66,12,4.70
82,DE,2863014,Nieder-Olm,8.205,49.912,47.71,76,75,16.11
83,IQ,99308,â€˜AlÄ« al Aá¸©mad,44.050,33.067,91.40,21,0,16.11
84,RU,480608,Tukhkala,30.783,65.700,23.91,66,8,4.72
85,FR,6445198,Saint-Hilaire-de-Loulay,-1.333,47.000,51.80,100,90,16.11
86,FR,2978325,Saint-Martin-de-Valgalgues,4.084,44.163,63.77,52,40,8.05
87,DE,6547616,Waldsieversdorf,14.069,52.542,33.80,95,75,11.41
88,ID,7035853,Ngroto,111.605,-7.126,73.45,97,76,4.72
89,DE,2894754,Johannis-Vorstadt,11.467,51.750,44.60,93,90,5.82
90,DE,6552115,Leezen,10.250,53.867,37.78,94,75,13.87
91,DE,2915048,GroÃŸ SchwaÃŸ,12.050,54.083,37.40,74,75,17.22
92,FR,6438425,Quarouble,3.617,50.383,43.39,100,92,5.82
93,RU,463001,Zhilploshchadka,39.950,48.333,40.38,100,0,6.29
94,US,5830426,Linstead Place,-106.523,43.582,21.34,87,56,2.71
95,VE,3807669,La Clarita,-61.417,6.173,67.60,95,88,2.93
96,AR,3429014,Departamento de San Ignacio,-55.333,-27.250,68.94,100,40,2.71
97,RU,1507390,Dikson,80.546,73.507,-7.42,76,20,8.75
98,CA,6324733,St. Johns,-52.709,47.565,33.87,90,90,14.99
99,DZ,2487293,Mohammadia,0.069,35.589,67.14,63,0,2.48
100,US,4901622,McDonough County,-90.667,40.467,35.60,93,90,3.15
101,US,4392768,Joplin,-94.513,37.084,44.17,100,90,8.05
102,DE,2866576,Neitersen,7.567,50.683,45.50,76,75,8.05
103,IN,1263504,Markapur,79.283,15.733,89.29,56,24,3.38
104,FR,2970901,Valliquerville,0.687,49.614,51.80,87,80,16.11
105,DE,2947328,Bockholt,7.267,51.500,48.20,70,75,9.17
106,IN,1258677,Ramgarh,75.183,27.250,97.93,10,0,7.74
107,RU,555171,Ivanovskoye,36.960,55.927,26.58,45,40,11.18
108,FR,2980238,Saint-Etienne-du-Gres,4.722,43.781,63.88,52,0,8.19
109,ID,7912070,Cipanggilingan,107.816,-7.266,68.95,86,20,2.26
110,DE,2863156,Niederlindach,10.891,49.646,49.48,76,75,14.99
111,DE,2941486,Burgau,9.533,48.133,48.65,71,75,16.11
112,MN,2029735,Ogoomor,104.481,43.783,48.21,22,0,8.97
113,NL,2758309,Britsum,5.786,53.254,43.50,87,90,9.17
114,RU,509850,Petrovskoye,39.269,57.010,23.32,91,12,9.42
115,ES,3125355,Cerezo de Abajo,-3.591,41.218,60.80,38,0,4.70
116,US,4617668,Decherd,-86.079,35.210,60.06,77,90,8.05
117,DE,2850403,Ranzin,13.528,53.949,37.40,59,0,12.75
118,DE,2866336,Nettersheim,6.633,50.500,45.18,71,75,10.29
119,IT,3182765,Arzano,14.267,40.914,57.13,67,40,8.05
120,DE,2906761,Hellstein,9.300,50.317,48.20,76,75,16.11
121,DE,2933800,Eching,11.853,48.283,50.90,57,75,12.75
122,US,5238755,Morristown,-72.624,44.557,35.38,80,90,3.36
123,AT,7871603,Lackenbach,16.446,47.617,46.40,75,75,2.24
124,GB,2648149,Great Bridgeford,-2.173,52.841,41.61,86,75,6.93
125,RU,2125626,Gastello,142.967,49.117,38.44,84,0,9.53
126,NG,2322021,Tokombere,13.486,11.227,103.38,18,8,14.67
127,ES,6355589,RÃ¡gol,-2.695,37.013,60.80,82,0,4.70
128,BD,1205481,Uttar Char Fasson,90.713,22.233,86.41,59,0,10.98
129,FR,6441162,Illkirch-Graffenstaden,7.717,48.529,51.80,71,90,10.29
130,US,4711156,Midlothian,-96.994,32.482,57.76,100,90,8.05
131,VN,1572151,Nha Trang,109.183,12.250,76.33,90,24,9.31
132,ID,1637482,Lodan Wetan,111.609,-6.785,77.46,100,68,6.62
133,DE,6556796,Wiesenthau,11.133,49.717,48.29,76,75,14.99
134,PK,1168680,Pabbi,71.799,34.011,91.40,21,0,9.17
135,YE,30788,Ad Dil,43.818,14.672,86.41,24,64,2.59
136,CN,7643670,Wushan,115.656,29.452,63.24,72,56,3.94
137,CH,7285140,Balerna,9.008,45.843,53.87,58,0,2.24
138,RU,817767,Rozhdestvenskiy,37.576,54.301,24.85,84,0,8.63
139,ES,6357299,Coristanco,-8.770,43.172,51.76,93,75,10.29
140,RU,1493423,Russkaya Polyana,73.881,53.779,29.94,93,12,9.53
141,CZ,3071627,Loket,12.754,50.186,41.29,100,90,3.36
142,PT,8014240,Rio de Couros,-8.506,39.728,57.20,71,75,4.70
143,NZ,2193863,Aramoho,175.050,-39.917,64.23,100,88,13.22
144,PG,2090990,Mendi,143.651,-6.176,55.09,100,76,1.14
145,RO,671418,Paltinoasa,25.950,47.550,42.80,75,40,2.15
146,ES,3108132,Terriente,-1.504,40.297,71.60,31,0,9.17
147,US,5801520,Long Beach,-124.054,46.352,45.63,93,90,3.36
148,TR,749262,SÃ¼leymanlar Mahallesi,31.410,41.290,62.60,67,75,6.93
149,AT,7872166,Pfaffing,13.467,48.019,42.60,76,75,11.41
150,ES,2522299,Ajofrin,-3.982,39.711,62.60,29,0,6.93
151,ES,6357153,Navalpino,-4.616,39.252,66.25,60,0,6.40
152,PH,1686066,Siquijor,123.515,9.214,82.23,100,8,7.52
153,US,4516931,Lockland,-84.458,39.229,52.70,100,90,2.59
154,CH,7286761,Ostermundigen,7.496,46.956,50.58,71,75,11.41
155,AT,7873049,Waidhofen an der Thaya,15.322,48.817,39.20,96,75,8.05
156,PK,1167142,Ranipur,68.505,27.288,102.20,26,0,6.93
157,DE,3232620,AltstÃ¤dter GÃ¤rten,9.642,54.311,38.28,69,75,13.87
158,PE,3945985,Camana,-72.711,-16.623,66.25,98,8,5.28
159,DE,2955925,Ansiedlung Mettenhof,10.067,54.317,38.30,93,90,10.29
160,RU,804039,Voskresenskiy,37.322,44.966,50.00,81,40,2.24
161,FR,6443840,Saint-Pierre-lÃ¨s-Nemours,2.683,48.267,51.80,100,92,17.22
162,CH,2660075,Lachen,8.856,47.192,50.31,81,90,4.70
163,IT,6538581,San Giuliano Terme,10.440,43.762,56.55,62,75,3.36
164,IN,7287889,Palackattumala,76.629,9.744,91.40,59,40,9.17
165,PH,1722186,Butuan,125.544,8.949,78.54,97,48,10.76
166,ES,6360537,Santiz,-5.888,41.210,59.00,26,0,20.80
167,US,4309076,South Shore,-82.958,38.721,55.40,93,90,4.70
168,CN,1797782,Qingshanhu,119.812,30.251,73.40,46,0,8.95
169,AT,7871577,Rohrbach bei Mattersburg,16.434,47.696,46.40,75,75,2.24
170,SO,64013,Boosaaso,49.182,11.284,80.60,78,0,9.17
171,NG,2338772,Igbeti,4.133,8.750,98.43,43,20,4.94
172,BO,3910203,Mojotoro,-65.067,-18.917,48.79,100,92,2.93
173,RU,2024212,Gakhan,110.850,54.700,20.26,62,32,3.71
174,DE,2938701,Dautphe,8.533,50.850,45.77,100,90,9.17
175,US,5182434,Burnham,-77.569,40.639,36.59,100,90,2.71
176,DE,2940696,BÃ¼ÃŸfeld,9.000,50.700,45.34,71,75,6.93
177,FR,6433469,Vizille,5.772,45.078,52.66,81,75,3.36
178,RU,556951,Ilskiy,38.567,44.842,48.20,81,90,4.47
179,CH,6458757,District de la Neuveville,7.111,47.096,49.98,76,90,4.70
180,DE,2803624,Zweenfurth,12.550,51.333,42.67,93,90,5.82
181,SS,366444,Tambura,27.467,5.600,89.11,58,76,8.63
182,RO,674885,Leordeni,25.117,44.783,47.89,82,48,3.71
183,FR,3037531,Annet-sur-Marne,2.720,48.927,52.83,93,75,16.11
184,CH,7285155,BÃ¤retswil,8.872,47.338,50.02,87,90,9.17
185,DE,2863523,Niederdorf,12.783,50.733,41.94,100,90,3.36
186,IT,3170019,Povegliano Veronese,10.881,45.349,54.75,58,36,3.36
187,ID,7035314,Kamulan,112.291,-8.081,77.19,73,12,7.63
188,DE,2840903,Schackendorf,10.267,53.967,37.76,86,75,10.29
189,FR,3035033,Barberaz,5.933,45.550,53.19,76,90,11.41
190,AU,2145619,Tyntynder,143.467,-35.233,61.89,74,0,2.93
191,US,4258477,Hancock County,-85.769,39.785,46.06,100,90,6.93
192,FR,3036034,Auriac,3.117,44.933,48.20,93,90,11.41
193,FR,2975741,Saussan,3.775,43.572,62.64,51,0,16.11
194,RU,581756,Anikin Pochinok,42.590,59.440,19.36,94,24,7.07
195,DE,6556407,Petting,12.817,47.917,48.20,76,75,11.41
196,DE,2822536,Thurkow,12.567,53.833,37.40,74,75,17.22
197,PL,3084440,Strzegom,16.350,50.963,41.00,100,20,17.22
198,ES,6362575,Olmillos de Castro,-5.973,41.734,60.67,46,20,12.44
199,FR,3005182,Le Bosc-Roger-en-Roumois,0.933,49.283,52.21,87,92,16.11
200,BY,629092,Dzyerawnaya,25.483,53.200,35.43,62,88,4.38
201,FR,3031017,Bourg-de-Thizy,4.299,46.034,56.75,76,90,9.17
202,FR,2993726,Miremont,1.417,43.370,59.00,62,75,12.75
203,XK,788543,Lebushe,20.291,42.563,46.40,96,20,4.70
204,PT,2733456,Tourais,-7.750,40.471,57.25,75,32,3.15
205,PH,1728382,Balatero,120.924,13.502,75.52,85,24,3.27
206,AT,7873133,Bad Ischl,13.622,47.713,48.20,76,75,11.41
207,VE,3630826,Papelon,-69.460,8.941,73.14,87,92,3.71
208,UA,699328,Novopokrovka,36.548,49.843,35.60,80,90,4.47
209,PH,1691645,Rizal,124.579,11.176,79.03,100,56,15.79
210,RO,671676,Ortisoara,21.198,45.964,49.96,53,20,1.12
211,CH,2658484,Steinhaus,7.342,46.834,48.76,71,75,11.41
212,DE,2888686,KleinjÃ¶rl,9.317,54.600,37.69,94,75,12.75
213,IT,3172830,Montemonaco,13.333,42.898,57.20,54,0,3.36
214,FR,6445760,Taintrux,6.900,48.250,49.39,71,90,10.29
215,IE,2965694,Carrigtwohill,-8.263,51.908,44.60,65,75,16.11
216,ES,6534058,FoixÃ ,2.997,42.039,62.60,63,0,1.12
217,DE,2939040,Dangstetten,8.333,47.600,51.33,76,90,4.70
218,NZ,2206854,Gisborne,178.004,-38.653,60.13,89,20,7.63
219,IT,6534983,Marcignago,9.079,45.253,54.30,66,40,2.24
220,GB,7290569,Watford District,-0.403,51.669,40.28,86,90,5.82
221,US,5764690,Fall River County,-103.550,43.267,38.37,64,90,8.05
222,RU,543917,Kostâ€™kovo,35.931,56.485,25.84,92,64,5.28
223,UA,712048,Blizhniye Kamyshi,35.400,45.083,47.98,96,12,7.52
224,AU,2150724,Sailors Falls,144.133,-37.400,62.60,88,90,9.17
225,AR,3853643,Isla Verde,-62.403,-33.241,62.02,76,0,6.73
226,DE,2823850,Tauberschallbach,10.350,49.200,48.69,70,75,20.80
227,DE,2841558,Sankt Julian,7.517,49.617,45.03,93,75,11.41
228,RU,583731,Staraya Akkermanovka,58.239,51.247,37.40,86,0,17.90
229,FR,2986746,Pleyber-Christ,-3.867,48.500,49.10,71,75,21.92
230,RO,680092,Crucea,28.233,44.533,48.20,66,20,8.05
231,IN,1272243,Dam Dam,88.417,22.622,96.80,41,20,12.75
232,DO,3512067,Bani,-70.333,18.283,75.88,100,0,23.51
233,ES,3112691,Puertomingalvo,-0.458,40.264,68.73,24,0,6.06
234,PL,3085134,Sosno,17.687,53.389,35.60,59,0,12.75
235,ES,2517748,FÃ©lix,-2.658,36.869,60.80,82,0,4.70
236,MX,3523247,Miacatlan,-99.367,18.767,42.80,75,5,3.36
237,MQ,3570186,Petit BrÃ©sil,-60.967,14.733,69.80,88,0,4.70
238,AT,7872744,Mischendorf,16.296,47.204,44.74,93,64,4.72
239,DE,6556359,Edling,12.167,48.067,49.87,57,75,12.75
240,TR,317970,Ozvatan,35.700,39.107,69.80,26,75,6.93
241,PT,2734770,Sanhoane,-7.800,41.203,54.01,78,64,3.38
242,CN,1805619,Jingling,120.783,29.373,58.74,74,0,2.48
243,FR,2999046,Leucate,3.029,42.911,61.34,52,0,13.87
244,FR,2974383,Soisy-sur-Seine,2.452,48.649,52.83,93,75,16.11
245,ES,6358105,Asteasu,-2.100,43.205,59.34,59,75,8.05
246,ID,7035669,Tanjung Timur,111.499,-7.187,73.45,97,76,4.72
247,AT,7873237,Gramastetten,14.190,48.380,37.40,93,75,6.93
248,PH,1711030,Ilog,122.768,10.027,79.26,73,64,5.28
249,ES,3123531,El Corrillo,-3.133,43.233,60.15,59,75,5.82
250,FR,2978198,Saint-Mathurin,-1.714,46.565,51.80,93,90,16.11
251,GB,2652622,Coity,-3.555,51.522,42.80,87,75,13.87
252,RU,530675,Maloluchinskoye,39.867,56.517,23.32,90,0,8.52
253,DE,2856161,Ã–tinghausen,8.617,52.150,45.32,93,75,5.82
254,RU,503308,Rabochiy PosÃ«lok,36.283,56.500,25.84,92,64,5.28
255,FR,6429077,Plouguiel,-3.233,48.800,48.20,76,75,21.92
256,ES,6358506,Lopera,-4.226,37.963,62.60,63,0,3.36
257,ES,6359405,Tres Cantos,-3.707,40.611,61.84,42,0,8.05
258,ES,2512408,Porcuna,-4.185,37.871,62.60,63,0,3.36
259,PL,770028,Joniec,20.582,52.601,37.40,55,75,8.05
260,US,4881346,West Des Moines,-93.745,41.572,29.48,100,90,2.93
261,ID,7780520,Penikebon,106.088,-6.342,82.40,88,75,9.17
262,ID,8080017,Tugurejo Satu,112.380,-8.289,82.36,90,80,7.52
263,DE,2851074,Radeburg,13.728,51.215,41.00,86,90,9.17
264,AU,2075308,Burra,138.933,-33.667,64.00,69,0,6.51
265,US,4159050,Homestead,-80.478,25.469,69.84,68,20,11.41
266,ES,3120221,Izurtza,-2.633,43.150,58.96,59,75,5.82
267,US,4474383,Kings Grant,-77.861,34.264,42.28,93,1,3.36
268,BR,6322065,SÃ£o GonÃ§alo,-43.041,-22.816,76.98,78,40,3.36
269,ES,2517298,Gata de Gorgos,0.085,38.774,64.90,71,0,2.48
270,FR,2971493,Tuffe,0.516,48.113,53.60,87,90,12.75
271,CA,6156822,Stirling,-77.549,44.300,37.11,100,90,2.24
272,BG,731100,Gyovren,24.230,41.400,51.80,81,75,9.17
273,US,5362909,Kerman,-120.060,36.724,48.87,71,0,3.36
274,TZ,157198,Kiomboi,34.367,-4.267,78.63,79,36,4.61
275,MA,2569452,Oulad Kerroum,-6.952,33.854,64.40,68,0,4.70
276,AR,3430457,Navarro,-59.277,-35.006,63.64,89,0,7.96
277,FR,6433456,Villard-de-Lans,5.550,45.067,52.65,81,75,3.36
278,ES,3110718,Sant Cugat del Valles,2.083,41.467,63.41,55,0,3.38
279,ES,6359432,Benamocarra,-4.164,36.790,62.35,56,0,3.36
280,DE,2860134,Oberjettingen,8.776,48.575,51.80,62,75,19.46
281,CN,1789127,Xindian,120.916,32.269,61.21,67,0,12.21
282,US,5242994,Williamstown,-72.541,44.122,35.62,69,90,8.05
283,RO,682038,Chirnogeni,28.233,43.900,48.20,66,20,8.05
284,JP,1848976,Wajima,136.900,37.400,55.40,54,0,2.24
285,DE,2941496,Burg auf Fehmarn,11.200,54.433,37.40,96,90,10.29
286,TW,1672222,Huiyaozi,121.128,22.769,71.60,83,75,3.36
287,US,5489545,San Felipe Pueblo,-106.447,35.434,33.37,100,90,9.17
288,RU,577240,Bereznik,42.707,62.855,22.38,79,32,6.17
289,US,5214576,Sturgeon,-80.211,40.385,50.88,100,90,5.82
290,SI,3203808,Bohinjska Bistrica,13.954,46.272,52.16,50,40,5.82
291,US,5227180,Dakota Dunes,-96.486,42.487,33.35,79,1,9.17
292,JP,1852607,Shibata,139.333,37.950,64.40,34,0,8.05
293,DE,2877039,Linnenbach,8.755,49.657,49.32,57,75,9.17
294,FR,6447229,Boulon,-0.400,49.050,51.17,87,88,23.04
295,FR,6434398,RosiÃ¨res,3.983,45.133,57.20,62,75,9.17
296,UG,448217,Kanungu District,29.730,-0.750,71.20,86,92,4.16
297,DE,2862027,Norderstapel,9.250,54.350,38.28,69,75,13.87
298,IT,6534857,San Martino Alfieri,8.110,44.818,51.35,58,40,4.70
299,AR,3429308,Partido de San AndrÃ©s de Giles,-59.500,-34.500,63.64,89,0,7.96
300,TR,312143,Hilal,42.786,37.475,74.13,46,92,3.38
301,KZ,609835,Imeni Gazety Pravda,52.083,50.867,35.60,93,90,13.42
302,CH,7670132,Cutterwil,7.086,46.841,49.57,71,75,11.41
303,BO,3920422,Choreti,-63.533,-20.017,60.80,93,75,3.60
304,US,4781129,Ravensworth,-77.221,38.804,41.56,93,90,3.15
305,CA,5947456,Eldon,-116.035,51.317,16.71,67,12,4.83
306,PT,8012796,Seroa,-8.437,41.261,52.84,93,75,12.75
307,RO,672847,Moroeni,25.433,45.217,47.89,82,48,3.71
308,BR,3401548,Crateus,-40.678,-5.178,73.14,100,64,7.63
309,GB,2657782,Aberystwyth,-4.083,52.415,40.69,100,88,10.76
310,RO,674685,Livada,21.384,46.223,50.97,100,0,5.82
311,RU,536148,Leninskiy,43.153,44.191,53.60,66,75,11.18
312,US,4493186,Stallings,-80.686,35.091,45.59,87,90,4.70
313,AR,3433787,General Pacheco,-58.643,-34.449,63.86,87,0,2.24
314,IT,6534610,Ripalta Guerina,9.704,45.306,54.32,66,40,2.24
315,US,4176109,Union Park,-81.286,28.568,58.69,82,1,3.36
316,RU,512008,Pavlovskoye,40.467,56.317,23.28,91,12,7.74
317,PH,1692360,Puro Pinget,120.357,17.681,84.20,62,40,2.24
318,PH,1713286,Gamut,126.170,9.004,73.86,93,20,4.94
319,AT,2779225,Friesenegg,14.246,48.302,37.40,93,75,6.93
320,CO,3671549,Puerto Asis,-76.501,0.513,71.47,99,92,0.25
321,ES,6359160,Viniegra de Abajo,-2.881,42.126,53.80,43,0,19.46
322,FR,2981718,Saint-Andre-le-Puy,4.257,45.645,56.57,62,75,9.17
323,RU,565611,Dolgorukovo,38.345,52.319,25.26,94,20,8.75
324,DE,2862131,Norddorf,8.333,54.680,39.20,86,75,21.92
325,PL,3086379,Saczow,19.030,50.435,40.23,64,75,6.93
326,CH,7285819,Fiesch,8.118,46.413,50.00,76,75,9.17
327,DE,6548493,KÃ¶nigswalde,13.050,50.550,42.42,100,90,3.36
328,CN,1910279,Majia,108.458,34.858,80.60,30,0,8.95
329,FR,3018675,Ferolles-Attilly,2.631,48.732,52.83,93,90,17.22
330,CZ,3075996,Halenkovice,17.472,49.171,47.01,81,40,8.05
331,DE,2855093,Peenedamm,13.686,53.861,37.40,59,0,12.75
332,GB,2641747,Nevern,-4.801,52.024,44.60,81,64,11.41
333,CR,3621520,Santiago,-84.444,10.023,69.80,60,0,19.46
334,ID,1625659,Taccipi,120.184,-4.507,75.84,80,24,5.61
335,IT,6542037,Paderno Dugnano,9.163,45.573,54.16,66,40,2.24
336,US,4361885,Maryland,-76.750,39.000,41.83,93,75,3.60
337,DE,2931385,Eitelborn,7.717,50.367,44.67,100,90,9.17
338,DE,6552782,Apensen,9.614,53.432,37.40,86,90,10.29
339,US,5675156,Ryegate,-109.259,46.297,30.34,70,8,8.41
340,DE,6556703,Guteneck,12.283,49.450,44.60,100,90,9.17
341,IT,6534431,Ranzo,8.015,44.060,55.80,76,75,9.17
342,RO,683132,Buturugeni,25.835,44.365,47.28,66,20,3.36
343,IT,3177969,Corte Rusta,11.000,45.133,55.40,58,8,3.36
344,US,4694420,Graham,-98.590,33.107,51.22,100,92,8.05
345,FR,3029350,Buxy,4.704,46.714,52.97,76,90,9.17
346,LU,2960117,Sandweiler,6.219,49.613,44.60,81,75,12.75
347,GB,2657473,Allington,0.517,51.283,39.92,86,75,5.82
348,CA,5947462,Eldorado,-108.502,59.550,-3.55,75,48,10.54
349,FR,6613990,Pezuls,0.817,44.917,52.65,93,90,12.75
350,DE,2949786,BeÃŸlich,6.600,49.800,43.25,81,75,12.75
351,US,4180134,Arcade,-83.562,34.078,48.24,87,90,4.70
352,PL,3083762,Szczutowo,19.574,52.940,37.27,90,64,9.98
353,AR,3860197,Coronel Du Graty,-60.915,-27.680,65.53,86,44,3.27
354,DE,2948301,Bischofrod,10.650,50.550,46.40,93,75,10.29
355,US,5380748,Palo Alto,-122.143,37.442,50.16,81,1,4.27
356,PT,8011629,Nunes,-6.995,41.799,50.19,80,92,6.62
357,DE,6547839,Kruckow,13.233,53.900,37.40,59,0,12.75
358,RO,663849,Valea Caselor,25.167,45.350,35.43,86,76,2.82
359,MX,3532506,Ayutla,-98.500,18.550,55.81,80,0,2.48
360,IN,1348562,Srirampur,88.019,22.949,96.80,41,20,12.75
361,US,5803357,Midland,-122.405,47.167,43.54,100,90,8.05
362,AU,2177466,Avenue,140.233,-36.967,54.24,92,24,5.73
363,DE,2933808,Echem,10.533,53.333,36.95,99,75,13.87
364,ES,2519198,Cortes de la Frontera,-5.343,36.617,64.33,68,0,3.36
365,UY,3442727,Durazno,-56.501,-33.413,55.40,93,0,6.93
366,ID,7035710,Gondel,111.495,-7.229,73.45,97,76,4.72
367,IN,1269125,Jawaharnagar,77.200,28.683,102.20,10,0,13.87
368,PH,1680735,Tumcon Ilawod,122.667,10.917,76.24,80,20,5.73
369,LU,2960545,Geyershaff,6.388,49.759,43.23,81,75,12.75
370,ES,3114990,Ordes,-7.983,42.950,51.85,93,90,11.41
371,US,4912845,Summit,-87.810,41.788,39.72,86,90,2.37
372,IE,2965761,Carndonagh,-7.267,55.250,41.00,86,40,16.11
373,PY,3437677,Departamento de Ã‘eembucÃº,-58.000,-27.000,70.84,78,56,3.27
374,US,4504010,Seaside Heights,-74.073,39.944,37.06,100,90,3.36
375,US,4252603,Wayne City,-88.588,38.345,44.60,100,90,5.82
376,BR,3448098,SapÃ©,-38.350,-12.383,75.20,94,75,6.93
377,DE,2928415,Eulowitz,14.467,51.117,41.00,86,90,9.17
378,AR,3854724,Graneros,-65.438,-27.649,63.10,75,32,4.61
379,SE,2674209,Stenhamra,17.667,59.333,34.36,31,0,6.93
380,GB,2653462,Caxton,-0.093,52.206,41.25,86,40,2.24
381,IN,1259251,Pulwama,74.900,33.874,55.68,53,36,2.26
382,VE,3644656,Curbati,-70.554,8.454,63.64,94,100,1.70
383,GT,3589795,San Marcos La Laguna,-91.267,14.717,51.67,100,64,1.70
384,RU,795259,Novoye Plato,33.111,68.975,24.80,62,40,6.71
385,US,5373650,Mission Hills,-120.437,34.686,45.23,93,1,4.70
386,GB,2634618,Wedmore,-2.812,51.227,41.94,100,40,12.75
387,DE,6559256,Bernitt,11.925,53.888,37.40,74,75,17.22
388,RU,558799,Gribanovskiy,41.976,51.458,30.43,96,32,10.76
389,ES,3116753,Milles de la Polvorosa,-5.733,41.923,60.67,46,20,12.44
390,ID,8074726,Weden,111.679,-6.830,77.46,100,68,6.62
391,NO,3144987,Narvik,17.427,68.438,33.80,69,75,11.41
392,FR,6431753,Pinsaguel,1.383,43.517,59.00,62,75,12.75
393,UA,616743,Druzhkovka,37.553,48.630,39.61,95,20,6.85
394,CH,6295532,Zuerich (Kreis 3),8.503,47.358,50.70,76,75,13.87
395,DE,6548546,Weischlitz,12.011,50.437,42.28,87,75,11.41
396,PH,1681759,Tinutulan,124.650,7.100,81.55,55,12,7.29
397,GB,2657540,Aldershot,-0.764,51.248,39.69,86,75,4.70
398,DE,2888087,Klein Veltheim,10.683,52.233,39.20,93,90,10.29
399,GQ,2566983,Provincia de Wele-Nzas,11.167,1.500,80.92,76,92,3.15
400,ES,3111065,Saldana,-4.736,42.521,53.34,78,32,11.10
401,IT,6535733,Massiola,8.320,45.912,47.32,58,0,2.24
402,DE,6549866,Buttlar,9.950,50.750,50.00,71,75,6.93
403,MD,617481,RÃ®ÅŸcova,28.846,47.252,42.80,81,90,6.93
404,US,4945707,North Plymouth,-70.683,41.971,37.54,64,75,4.70
405,PS,283385,Kafr ad Dik,35.083,32.067,83.95,40,0,5.82
406,US,5815020,Warden,-119.040,46.968,44.60,63,1,14.99
407,AT,2782023,Baldramsdorf,13.453,46.801,48.20,66,20,3.36
408,ID,1641978,Kaliandak,105.592,-5.738,83.49,100,12,14.34
409,DE,3272456,Sankt Leon-Rot,8.617,49.266,51.80,57,75,9.17
410,YT,1090467,Boueni,45.076,-12.903,87.80,70,40,6.93
411,DE,2820407,Uhingen,9.586,48.705,50.83,62,75,19.46
412,PL,3093394,Linia,17.935,54.451,33.80,55,0,9.17
413,TH,1609784,Khong Chiam,105.495,15.319,90.54,55,40,4.70
414,ZA,3364346,Malmesbury,18.727,-33.461,71.60,46,0,20.80
415,SE,2725073,As,16.583,63.367,31.87,68,0,3.15
416,CN,1910285,Hujiamiao,108.419,34.958,80.60,30,0,8.95
417,MV,1337618,Manadhoo,73.383,5.767,83.98,100,76,2.37
418,IN,1270391,Haraiya,82.467,26.800,95.19,17,0,14.79
419,CA,6121946,Richards Landing,-84.033,46.283,29.14,100,1,2.59
420,GB,2647488,Harecastle,-2.250,53.067,41.72,81,76,8.05
421,AU,2075256,Bute,138.017,-33.867,63.51,86,0,9.53
422,RO,666946,Sansimion,25.883,46.250,39.52,72,56,3.27
423,HU,3054646,Budaors,18.958,47.462,51.80,53,40,4.70
424,GT,3591955,Pachalum,-90.663,14.925,62.60,93,75,9.17
425,FR,3037638,Anglade,-0.635,45.209,53.60,93,90,20.80
426,DE,2908379,Hedeper,10.683,52.067,39.20,93,90,10.29
427,US,5123173,Keeseville,-73.480,44.505,34.83,93,90,9.17
428,HR,3190918,Sigetec,16.936,46.188,50.00,66,75,9.17
429,FR,6451999,Noisy-le-Grand,2.567,48.850,52.83,93,80,11.41
430,BO,6621286,San Juan,-65.213,-21.224,50.00,100,75,0.81
431,US,4232953,Ashland,-90.008,39.888,37.40,93,90,4.70
432,DE,2889476,Kleinelbersdorf,13.983,51.017,41.00,86,90,9.17
433,AT,2768171,Raasdorf,16.565,48.247,45.18,75,75,2.24
434,PY,3439167,Carapegua,-57.233,-25.800,66.20,100,90,3.36
435,PY,3439440,Departamento del Alto ParanÃ¡,-54.833,-25.500,69.17,94,90,5.82
436,IT,3177999,Cortandone,8.058,44.959,51.35,58,40,4.70
437,CH,6291256,Egetswil,8.585,47.472,50.70,76,75,13.87
438,FR,6431391,Saint-Chaptes,4.283,43.967,63.93,52,40,8.05
439,ID,7574291,Nitakloang,122.291,-8.662,82.36,100,68,1.36
440,BY,630223,Berazinets,27.750,53.217,33.94,71,64,7.40
441,CH,2659213,Pfaffhausen,8.624,47.365,50.70,76,75,13.87
442,IE,2961894,Rathmolyon,-6.799,53.490,42.80,75,75,14.99
443,ES,6360530,San Pedro de Rozados,-5.783,40.814,59.00,26,0,20.80
444,IE,2961926,Rathcore,-6.844,53.450,42.80,75,75,14.99
445,BR,3457484,Mateus Leme,-44.428,-19.986,67.06,83,0,4.70
446,FI,656084,JÃ¤msÃ¤,25.250,61.833,28.40,79,40,11.41
447,FR,3034210,Beaumetz-les-Loges,2.658,50.239,44.60,100,90,12.75
448,ES,2514066,Massamagrell,-0.333,39.567,77.00,25,0,4.70
449,PT,2735116,Rio de Loba,-7.878,40.666,52.66,82,32,3.60
450,US,4767723,Kilmarnock,-76.380,37.710,43.92,87,1,4.70
451,IN,1266070,Kosigi,77.267,15.850,100.36,22,0,4.94
452,AT,2779698,Felben,12.483,47.283,45.19,76,75,11.41
453,WS,4035236,Malie,-171.847,-13.800,80.60,83,75,10.29
454,US,4172971,Silver Lake,-81.798,28.842,57.51,87,1,3.36
455,DE,2864653,Neu Kuppritz,14.583,51.150,41.00,86,90,9.17
456,IT,3182748,Province of Ascoli Piceno,13.553,42.884,51.63,88,0,1.81
457,IN,1272979,Dhanbad,86.450,23.800,92.53,19,0,9.08
458,US,5100498,Lincroft,-74.121,40.331,37.15,86,90,5.73
459,CH,7286497,Mettmenstetten,8.464,47.248,50.72,76,75,13.87
460,CN,1785866,Yugan,116.684,28.696,65.31,81,64,2.37
461,DE,6553591,GÃ¶senroth,7.333,49.883,44.24,93,75,11.41
462,RU,465720,Zadorino,36.983,56.067,26.58,45,40,11.18
463,FR,3025318,Chevillon,5.131,48.529,47.21,100,92,9.17
464,MX,3996737,Maneadero,-116.567,31.717,32.59,57,0,2.59
465,US,5097529,Edison,-74.412,40.519,36.95,86,90,3.60
466,PS,281965,Sayda,35.119,32.385,80.35,40,0,5.82
467,US,5844411,Annette Island Reserve,-131.497,55.128,37.33,93,90,5.95
468,DE,6551926,Tappendorf,9.683,54.100,38.10,69,75,13.87
469,CO,3770718,Morales,-76.617,2.757,63.91,95,80,2.71
470,CZ,3076027,HÃ¡je,12.369,50.058,41.68,100,90,3.36
471,DE,2921075,Gerlebogk,11.833,51.700,44.60,93,90,5.82
472,LU,2960088,Schoos,6.171,49.744,44.60,81,75,12.75
473,ES,2519672,Cazorla,-3.003,37.915,61.26,70,0,3.27
474,PT,8012317,Turquel,-8.955,39.465,58.17,71,75,4.70
475,DE,2860425,Oberhausen,8.958,48.391,51.80,62,75,19.46
476,AR,3428638,Departamento de San Miguel,-57.500,-27.917,71.20,81,0,4.83
477,ES,6355733,Mironcillo,-4.819,40.558,57.21,60,0,11.99
478,GB,7295214,Llangelynin,-4.081,52.645,40.33,100,88,10.76
479,AU,2145512,Underbool,141.817,-35.167,62.92,77,0,9.53
480,DE,2894926,Jettenbach,12.383,48.167,49.91,57,75,12.75
481,TH,1609765,Khon Sawan,102.281,15.932,79.89,65,12,2.48
482,JP,1850589,Tarumizu,130.700,31.483,62.60,55,20,4.70
483,US,5690557,Mohall,-101.513,48.763,32.16,80,75,28.86
484,PH,1687738,Santo Domingo,123.167,13.700,77.86,82,20,11.10
485,IN,1260390,ParalÄ�khemundi,84.100,18.783,91.27,48,8,10.65
486,US,4514429,Holiday Valley,-83.969,39.856,50.77,93,92,6.93
487,CO,3690549,Achi,-74.554,8.568,74.13,95,0,1.81
488,CN,7408812,Wuguanyi,106.978,33.552,57.79,45,0,2.59
489,EC,3652584,Puyo,-77.983,-1.467,60.13,97,92,1.70
490,NG,2337148,Isieke,8.035,6.378,91.14,67,24,8.19
491,ES,6360023,Cevico de la Torre,-4.418,41.859,53.60,71,0,25.28
492,BO,6621228,Huayllas,-65.319,-19.209,35.60,100,100,2.82
493,ES,2514991,Lloret de Vistalegre,2.975,39.618,64.40,77,0,9.17
494,DE,6547824,Gnevkow,13.167,53.783,37.40,74,75,17.22
495,FR,2994241,Mesnil-Clinchamps,-0.989,48.853,51.80,87,64,23.04
496,JP,1859765,Katsuyama,136.501,36.062,62.60,27,20,6.93
497,CA,5990689,Kemnay,-100.135,49.842,19.40,73,90,24.16
498,MY,1736458,Kudat,116.848,6.884,82.40,78,75,3.36
499,ES,6360936,Valle de Tabladillo,-3.833,41.368,55.36,64,0,12.66
500,IN,1253113,Virudunagar,77.967,9.600,100.40,37,20,4.70
501,PH,1683818,Talitay,124.700,7.033,81.55,55,12,7.29
502,MX,3993519,Panindicuaro de la Reforma,-101.767,19.967,39.39,83,0,2.26
503,FI,649374,Lahti,25.654,60.983,30.20,63,40,8.05
504,DE,2832521,Siegburg,7.200,50.800,47.21,76,75,8.05
505,DE,2835345,Schwalmstadt,9.217,50.933,49.03,71,75,6.93
506,CL,3896774,Carahue,-73.167,-38.700,51.99,100,68,4.16
507,MX,3518132,San Pablo Etla,-96.750,17.150,56.35,96,44,1.70
508,ES,6362862,Morata de JalÃ³n,-1.463,41.450,67.33,55,0,4.70
509,US,5795440,Gig Harbor,-122.580,47.329,43.54,87,90,5.82
510,RU,820072,Nefedâ€™yevo,37.150,55.895,26.58,45,40,11.18
511,BR,3445950,Tumiritinga,-41.645,-18.979,76.06,84,12,4.16
512,GR,8133910,Dimos Orchomenos,23.104,38.492,62.60,51,75,9.17
513,BE,2788313,Ravels,4.990,51.372,45.95,93,90,6.93
514,FR,6441060,Villemolaque,2.833,42.583,64.40,52,0,13.87
515,GB,2641827,Needingworth,-0.031,52.331,41.23,86,40,2.24
516,IN,1269407,Jalgaon,75.567,21.017,98.47,21,0,6.73
517,CN,2001380,Yanta,108.952,34.206,80.60,30,0,8.95
518,CZ,3079617,BÄ›chovice,14.618,50.081,45.97,75,90,9.17
519,DE,2855274,Patersberg,7.733,50.150,44.28,93,75,11.41
520,US,5102515,Peapack,-74.657,40.717,36.75,86,90,3.60
521,FR,3037889,Ambricourt,2.178,50.471,44.60,100,90,6.93
522,FR,2991627,DÃ©partement de la Moselle,6.500,49.000,46.87,87,92,12.75
523,CH,7287335,Trimstein,7.577,46.903,50.90,71,75,11.41
524,CH,2659495,Canton de NeuchÃ¢tel,6.833,46.917,49.62,93,75,10.29
525,CN,6422366,Meihua,111.606,25.608,67.15,63,92,2.37
526,US,4184922,Bryan Village,-81.593,31.892,56.12,100,90,4.38
527,UA,691064,Tsvitkove,34.166,45.312,52.84,87,20,6.40
528,DE,2938726,Dauernheim,8.950,50.367,48.20,76,75,16.11
529,IN,1275635,Bilaspur,77.617,28.400,102.20,10,0,13.87
530,IT,3165461,Torre deBusi,9.480,45.774,54.18,66,8,4.70
531,FR,3004835,Le Cateau-CambrÃ©sis,3.550,50.100,44.01,93,92,11.41
532,US,4776222,Norfolk,-76.285,36.847,44.85,87,90,9.42
533,UA,699746,Novytsya,24.335,48.963,37.40,93,75,2.24
534,US,4470545,Hemby Bridge,-80.630,35.119,45.59,87,90,4.70
535,ES,6697298,Gran Alacant,-0.519,38.225,73.87,33,0,13.87
536,DE,2959098,Ahrenfeld,9.645,52.067,40.98,93,75,9.17
537,DE,6552519,Wangelnstedt,9.683,51.867,43.68,87,90,4.70
538,ID,1636906,Maesan,113.778,-8.023,75.03,90,32,2.37
539,GR,253908,Sykea,22.949,36.766,57.20,71,20,10.29
540,PT,8012465,Beato,-9.115,38.733,57.20,71,20,11.41
541,FR,6445596,Hennezel,6.117,48.050,47.55,93,90,9.17
542,FR,6437334,Ploemel,-3.067,47.650,50.00,76,90,14.99
543,US,4406747,Sadler,-94.942,39.439,41.29,75,90,6.93
544,VE,3649302,Estado Amazonas,-66.000,3.500,66.97,99,92,2.48
545,BO,3911815,Las Carreras,-65.283,-21.217,50.00,100,75,0.81
546,DE,6553535,Sankt Katharinen,7.767,49.867,46.74,93,75,11.41
547,ES,2520496,Calp,0.045,38.645,75.20,33,0,13.87
548,IT,6534656,Grancona,11.452,45.422,55.87,58,32,3.36
549,AT,2766823,Salzburg,13.250,47.417,48.20,76,75,11.41
550,AZ,585514,Mingelchaur,47.060,40.764,71.60,37,40,11.41
551,MX,4005267,Estado de Guanajuato,-101.000,21.000,57.20,47,20,4.70
552,AU,7839659,Ashburton,116.901,-22.277,87.58,37,92,5.28
553,ES,6534017,BesalÃº,2.697,42.202,63.55,63,0,1.12
554,FR,6427683,Yolet,2.533,44.933,48.20,93,90,11.41
